<?xml version='1.0'?>

<!DOCTYPE policy PUBLIC
      "-//JBoss//DTD JBOSS Security Config 3.0//EN"
      "http://www.jboss.org/j2ee/dtd/security_config.dtd">

<!-- The XML based JAAS login configuration read by the
org.jboss.security.auth.login.XMLLoginConfig mbean. Add
an application-policy element for each security domain.

The outline of the application-policy is:
<application-policy name="security-domain-name">
  <authentication>
    <login-module code="login.module1.class.name" flag="control_flag">
      <module-option name = "option1-name">option1-value</module-option>
      <module-option name = "option2-name">option2-value</module-option>
      ...
    </login-module>

    <login-module code="login.module2.class.name" flag="control_flag">
      ...
    </login-module>
    ...
  </authentication>
</application-policy>

$Revision: 1.1 $
-->

<policy>
   <application-policy name="HsqlDbRealm">
     <authentication>
       <login-module code="org.jboss.resource.security.ConfiguredIdentityLoginModule"
         flag="required">
         <module-option name="principal">sa</module-option>
         <module-option name="userName">sa</module-option>
         <module-option name="password"></module-option>
         <module-option name="managedConnectionFactoryName">jboss.jca:service=LocalTxCM,name=DefaultDS</module-option>
       </login-module>
     </authentication>
   </application-policy>

   <application-policy name="messaging">
      <authentication>
         <login-module code="org.jboss.security.auth.spi.UsersRolesLoginModule" flag = "required">
            <module-option name="unauthenticatedIdentity">guest</module-option>
            <module-option name="usersProperties">conf/props/messaging-users.properties</module-option>
            <module-option name="rolesProperties">conf/props/messaging-roles.properties</module-option>
         </login-module>
      </authentication>
   </application-policy>

   
  <!-- Used by clients within the application server VM such as
  mbeans and servlets that access EJBs.
  -->
  <application-policy name="client-login">
    <authentication>
      <login-module code="org.jboss.security.ClientLoginModule"
        flag="required">
         <!-- Any existing security context will be restored on logout -->
         <module-option name="restore-login-identity">true</module-option>
      </login-module>
    </authentication>
  </application-policy>

  <application-policy name="other">
    <!-- A simple server login module, which can be used when the number
    of users is relatively small. It uses two properties files:
    users.properties, which holds users (key) and their password (value).
    roles.properties, which holds users (key) and a comma-separated list of
    their roles (value).
    The unauthenticatedIdentity property defines the name of the principal
    that will be used when a null username and password are presented as is
    the case for an unuathenticated web client or MDB. If you want to
    allow such users to be authenticated add the property, e.g.,
    unauthenticatedIdentity="nobody"
    -->
    <authentication>
      <login-module code="org.jboss.security.auth.spi.UsersRolesLoginModule"
        flag="required"/>
    </authentication>
  </application-policy>

</policy>

