<?xml version="1.0" encoding="UTF-8"?>
<!DOCTYPE faces-config PUBLIC "-//Sun Microsystems, Inc.//DTD JavaServer Faces Config 1.1//EN" "http://java.sun.com/dtd/web-facesconfig_1_1.dtd">

<faces-config >
	<managed-bean>
		<managed-bean-name>store</managed-bean-name>
		<managed-bean-class>
			com.icesoft.icefaces.samples.jspStore.Store
		</managed-bean-class>
		<managed-bean-scope>session</managed-bean-scope>
	</managed-bean>
	<managed-bean>
		<managed-bean-name>user</managed-bean-name>
		<managed-bean-class>
			com.icesoft.icefaces.samples.jspStore.User
		</managed-bean-class>
		<managed-bean-scope>session</managed-bean-scope>
	</managed-bean>
	<navigation-rule>
		<from-view-id>/newmain.iface</from-view-id>
		<navigation-case>
			<from-outcome>checkout</from-outcome>
			<to-view-id>/checkout.jsp</to-view-id>
			<redirect></redirect>
		</navigation-case>
	</navigation-rule></faces-config>

