<?xml version="1.0" encoding="UTF-8"?>
<!DOCTYPE log4j:configuration SYSTEM "log4j.dtd">

<!-- ===================================================================== -->
<!--                                                                       -->
<!--  Log4j Configuration                                                  -->
<!--                                                                       -->
<!-- ===================================================================== -->

<!-- $Id: log4j.xml,v 1.3 2007/07/19 11:31:11 gavin Exp $ -->

<!--
   | For more configuration infromation and examples see the Jakarta Log4j
   | website: http://jakarta.apache.org/log4j
 -->

<log4j:configuration xmlns:log4j="http://jakarta.apache.org/log4j/" debug="false">
   
   <appender name="CONSOLE" class="org.apache.log4j.ConsoleAppender">
      <errorHandler class="org.jboss.logging.util.OnlyOnceErrorHandler"/>
      <param name="Target" value="System.out"/>
      <param name="Threshold" value="INFO"/>

      <layout class="org.apache.log4j.PatternLayout">
         <param name="ConversionPattern" value="%-5p %d{dd-MM HH:mm:ss,SSS} %X{username} [%C.%M():%L] %m%n"/>
      </layout>
   </appender>

   <root>
      <appender-ref ref="CONSOLE"/>
   </root>

</log4j:configuration>
