<?xml version="1.0"?>

<project name="Seam Component Showcase for WebSphere" default="noejb.archive" basedir=".">

	<!-- Naming -->
	<property name="Name" value="Seam Component Showcase for WebSphere 6.1.0.9" />

	<!-- resources -->
	<property name="resources.dir" value="resources-websphere61" />
	<property name="dist.dir" value="dist-websphere61" />
	<property name="exploded-archives.dir" value="exploded-archives-websphere61" />

	<import file="build-common.xml" />

	    <fileset id="noejb.war.lib.extras" dir="${seam.dir}">
        <!-- Seam deps -->
        <include name="lib/dom4j.jar" />
        <include name="lib/javassist.jar"/>
        
        <!-- Misc -->
        <include name="lib/commons-beanutils.jar"/>
    	<include name="lib/commons-digester.jar"/>
    	<include name="lib/commons-collections.jar"/>        
        <!-- JSF (and related) implementation -->
        <include name="lib/jsf-api.jar"/>
        <include name="lib/jsf-impl.jar"/>
        <include name="lib/jstl.jar"/>
        <include name="examples/hibernate2/lib/el-ri.jar"/>
        <include name="lib/el-api.jar" />  
        
        <!-- Hibernate and deps -->
        <include name="lib/hibernate.jar"/>
        <include name="lib/hibernate-commons-annotations.jar"/>
        <include name="lib/hibernate-annotations.jar"/>
        <include name="lib/hibernate-entitymanager.jar"/>
        <include name="lib/hibernate-validator.jar"/>
        <include name="examples/jpa/lib/jboss-archive-browsing.jar" />
        <include name="lib/persistence-api.jar" />
        <include name="examples/hibernate2/lib/cglib.jar"/>
        <include name="lib/antlr.jar" /> 
    </fileset>

	<fileset id="noejb.war.extras" dir="${resources.dir}">
		<include name="WEB-INF/classes/**/*" />
		<include name="META-INF/*.taglib.xml" />
	</fileset>

</project>

