<?xml version="1.0"?>

<project name="Seam Component Showcase - for Glassfish 2" default="noejb.archive" basedir=".">

    <!-- Naming -->
    <property name="Name"  value="Seam Component Showcase for Glassfish2"/>

    <!-- resources -->
    <property name="resources.dir" value="resources-glassfish" />
	<property name="dist.dir" value="dist-glassfish" />
	<property name="exploded-archives.dir" value="exploded-archives-glassfish" />

    <import file="build-common.xml"/>

    <fileset id="noejb.war.lib.extras" dir="${seam.dir}">
    	<!-- Seam deps -->
    	<include name="lib/javassist.jar"/>
    	<include name="lib/dom4j.jar" />
    	
    	<!-- Hibernate and deps -->
        <include name="lib/hibernate.jar"/>
    	<include name="lib/hibernate-commons-annotations.jar"/>
        <include name="lib/hibernate-annotations.jar"/>
    	<include name="lib/hibernate-entitymanager.jar"/>
    	<include name="lib/hibernate-validator.jar"/>
    	<include name="examples/jpa/lib/jboss-archive-browsing.jar" />
    	<include name="lib/jboss-common-core.jar" />
    	<include name="examples/hibernate2/lib/cglib.jar"/>
    	<include name="lib/antlr.jar" />
    	<include name="lib/commons-logging.jar" />
    	<include name="lib/commons-collections.jar" />
    </fileset>
	
	<fileset id="noejb.war.extras" dir="${resources.dir}">
		<include name="WEB-INF/classes/**/*" />
	</fileset>
       
</project>

