<?xml version="1.0"?>

<project name="seam-comp-showcase-tomcat6" default="noejb.archive" basedir=".">

	<!-- Naming -->
	<property name="Name" value="seam-comp-showcase for plain Tomcat 6.0" />

	<!-- resources -->
	<property name="resources.dir" value="resources-tomcat" />
	<property name="dist.dir" value="dist-tomcat6" />
	<property name="exploded-archives.dir" value="exploded-archives-tomcat6" />
   	<echo message="dist.dir is ${dist.dir}"/>

	<!-- Libraries to include -->
	<import file="build-common.xml" />

	<fileset id="noejb.war.lib.extras" dir="${jboss.seam.home}">
		<include name="lib/commons-*.jar" />
		<include name="lib/jsf-api.jar" />
		<include name="lib/jsf-impl.jar" />
		<include name="lib/jstl.jar" />
		<include name="lib/dom4j.jar" />
		<include name="lib/hibernate.jar" />
		<include name="lib/hibernate-commons-annotations.jar" />
		<include name="lib/hibernate-annotations.jar" />
		<include name="lib/hibernate-entitymanager.jar" />
		<include name="lib/hibernate-validator.jar" />
		<include name="lib/javassist.jar" />
		<include name="lib/persistence-api.jar" />
		<include name="lib/cglib.jar" />
		<include name="lib/jta.jar" />
		<include name="lib/antlr.jar" />
	</fileset>

	<fileset id="noejb.war.extras" dir="${resources.dir}">
		<include name="META-INF/context.xml" />
	</fileset>

 	<target name="tomcat6-settings" description="check settings ">
	    <echo message="ICEfaces home: ${icefaces.home}"/>
		<echo message="Seam home: ${jboss.seam.home}"/>
		<echo message="Jboss server: ${jboss.home}"/>
		<echo message="Tomcat server: ${tomcat.home}"/>
		<echo message="Tomcat deploy directory: ${tomcat.deploy.dir}"/>
		<echo message="war deploy directory: ${war.deploy.dir}"/>
		<echo message="exploded archives dir: ${exploded-archives.dir}"/>
		<echo message="dist dir: ${dist.dir}"/>
		<echo message="war dir: ${war.dir}"/>
 		<echo message="war.resources: ${war.resources}"/>
	</target>  


</project>

