<?xml version="1.0"?>

<project name="Seam Component Showcase for Tomcat5.5" default="noejb.archive" basedir=".">

    <!-- Naming -->
    <property name="Name"    value="Seam Component Showcase for plain Tomcat 5.5"/>

	<!-- resources -->
    <property name="resources.dir" value="resources-tomcat" />
	<property name="dist.dir" value="dist-tomcat55" />
	<property name="exploded-archives.dir" value="exploded-archives-tomcat55" />
       
 
    <import file="build-common.xml"/>

    <fileset id="noejb.war.lib.extras" dir="${basedir}">
        <include name="lib/commons-*.jar"/>
        <include name="lib/jsf-api.jar"/>
    	<include name="lib/jsf-impl.jar"/>
        <include name="lib/jstl.jar"/>
    	<include name="lib/dom4j.jar" />
        <include name="lib/hibernate.jar"/>
    	<include name="lib/hibernate-commons-annotations.jar"/>
        <include name="lib/hibernate-annotations.jar"/>
    	<include name="lib/hibernate-entitymanager.jar"/>
    	<include name="lib/hibernate-validator.jar"/>
        <include name="lib/javassist.jar"/>
    	<include name="lib/persistence-api.jar" />
        <include name="lib/el-ri.jar"/>
    	<include name="lib/el-api.jar" />
        <include name="lib/cglib.jar"/>
        <include name="lib/jta.jar"/>
    	<include name="lib/antlr.jar" />
 
    </fileset>
	
	<fileset id="noejb.war.extras" dir="${resources.dir}">
		<include name="META-INF/context.xml" />
	</fileset>
       
</project>

