<?xml version="1.0" encoding="UTF-8"?>


<!-- This is the 'simplified' namespace configuration example. I have yet to
     determine how to get teh authenticationManager reference to the authenticationController
     which causes an NPE during logout.
-->

<beans:beans xmlns="http://www.springframework.org/schema/security"
             xmlns:beans="http://www.springframework.org/schema/beans"
             xmlns:xsi="http://www.w3.org/2001/XMLSchema-instance"
             xsi:schemaLocation="http://www.springframework.org/schema/beans
           http://www.springframework.org/schema/beans/spring-beans-3.0.xsd
           http://www.springframework.org/schema/security
           http://www.springframework.org/schema/security/spring-security-3.0.xsd">

    <http>
       <intercept-url pattern="/login.jsp*" access="IS_AUTHENTICATED_ANONYMOUSLY"/>
       <intercept-url pattern="/**" access="ROLE_USER" />
       <form-login />
       <logout />
    </http>

    <authentication-manager alias="authenticationManager" >
        <authentication-provider>
          <user-service>
            <user name="steve" password="icefaces" authorities="ROLE_USER, ROLE_SUPERVISOR" />
            <user name="philip" password="koala" authorities="ROLE_USER, ROLE_SUPERVISOR" />
            <user name="dianne" password="emu" authorities="" />
            <user name="scott" password="wombat" authorities="ROLE_USER" />
          </user-service>
        </authentication-provider>
    </authentication-manager>

    <beans:bean
        id="renderManager"
        class="com.icesoft.faces.async.render.RenderManager"
        scope="application" />

    <beans:bean
        id="timeZoneBean"
        class="com.icesoft.icefaces.samples.TimeZoneBean"
        scope="request" >
        <beans:property name="renderManager"
                        ref="renderManager" />
    </beans:bean>

    <beans:bean
        
        id="clientController"
        class="com.icesoft.icefaces.samples.security.ClientController"
        scope="application" >
        <beans:property
            name="renderManager"
            ref="renderManager" />
    </beans:bean>

    <!-- Managed Bean for dynamic style examples -->
    <beans:bean
        id="styleBean"
        class="com.icesoft.icefaces.samples.security.StyleBean"
        scope="application" /> 

        <beans:bean
		 id="ReadmeBean"
         class="com.icesoft.icefaces.samples.security.ReadmeBean"
		scope="request" />

    <beans:bean
        id="user"
        class="com.icesoft.icefaces.samples.security.UserBean"
        scope="session" >
         <beans:property
            name="clientController"
            ref="clientController" />
         <beans:property
            name="authenticationManager"
            ref="authenticationManager" />
    </beans:bean>

</beans:beans>