<?xml version="1.0" encoding="UTF-8"?>

<!--
  - A simple "base bones" Acegi Security configuration.
  -
  - The sample includes the "popular" features that people tend to use.
  - Specifically, form authentication, remember-me, and anonymous processing.
  - Other features aren't setup, as these can be added later by inserting
  - the relevant XML fragments as specified in the Reference Guide.
  -
  - To assist new users, the filters specified in the FilterChainProxy are
  - declared in the application context in the same order. Collaborators
  - required by those filters are placed at the end of the file.
  -
  - $Id: applicationContext-acegi-security.xml 1513 2006-05-29 13:32:12Z benalex $
  -->

<beans:beans xmlns="http://www.springframework.org/schema/security"
  xmlns:beans="http://www.springframework.org/schema/beans"
  xmlns:xsi="http://www.w3.org/2001/XMLSchema-instance"
  xsi:schemaLocation="http://www.springframework.org/schema/beans
           http://www.springframework.org/schema/beans/spring-beans-3.0.xsd
           http://www.springframework.org/schema/security
           http://www.springframework.org/schema/security/spring-security-3.0.xsd">




    <beans:bean id="filterChainProxy"
          class="org.springframework.security.web.FilterChainProxy">
        <beans:property name="matcher">
            <beans:bean class="org.springframework.security.web.util.AntUrlPathMatcher"/>
        </beans:property>
        <beans:property name="filterChainMap">
            <beans:map>
                <beans:entry key="/springsecurity-Time/**">
                    <beans:list>
                        <beans:ref local="httpSessionContextIntegrationFilter"/>
                    </beans:list>
                </beans:entry>
                <beans:entry key="/images/*">
                    <beans:list/>
                </beans:entry>
                <beans:entry key="/**">
                    <beans:list>
                        <beans:ref local="httpSessionContextIntegrationFilter"/>
                        <beans:ref local="securityContextHolderAwareRequestFilter"/>
                        <beans:ref local="rememberMeProcessingFilter"/>
                        <!--<ref local="anonymousProcessingFilter"/>-->
                        <beans:ref local="exceptionTranslationFilter"/>
                        <!--<beans:ref local="filterInvocationInterceptor"/>-->
                    </beans:list>
                </beans:entry>
            </beans:map>
        </beans:property>
    </beans:bean>


    <!--<beans:bean id="filterChainProxy" class="org.springframework.security.web.FilterChainProxy">-->
    <!--<filter-chain-map pathType="ant">-->
    <!--<filter-chain pattern="/do/not/filter" filters="none"/>-->
    <!--<filter-chain pattern="/**" filters="filter1,filter2,filter3"/>-->
    <!--</filter-chain-map>-->

    <!--</beans:bean>-->

    <beans:bean id="httpSessionContextIntegrationFilter"
          class="org.springframework.security.web.context.HttpSessionContextIntegrationFilter"/>

    <!--  THE FUNCTIONALITY OFFERED BY THESE FILTERS HAS BEEN REPLACED WITH THE AUTHENTICATON CONTROLLER BEAN
	<beans:bean id="logoutFilter" class="org.acegisecurity.ui.logout.LogoutFilter">
		<constructor-arg value="/login.iface"/>
		<constructor-arg>
			<list>
				<ref bean="rememberMeServices"/>
				<beans:bean class="org.acegisecurity.ui.logout.SecurityContextLogoutHandler"/>
			</list>
		</constructor-arg>
	</beans:bean>

	<beans:bean id="authenticationProcessingFilter" class="org.acegisecurity.ui.webapp.AuthenticationProcessingFilter">
		</beans:property name="authenticationManager" ref="authenticationManager"/>
		</beans:property name="authenticationFailureUrl" value="/accessDenied.iface"/>
		</beans:property name="defaultTargetUrl" value="/"/>
		</beans:property name="filterProcessesUrl" value="/j_acegi_security_check"/>
		</beans:property name="rememberMeServices" ref="rememberMeServices"/>
	</beans:bean>
-->
    <beans:bean id="securityContextHolderAwareRequestFilter"
          class="org.springframework.security.web.servletapi.SecurityContextHolderAwareRequestFilter"/>

    <beans:bean id="rememberMeProcessingFilter"
          class="org.springframework.security.web.authentication.rememberme.RememberMeAuthenticationFilter">
        <beans:property name="authenticationManager" ref="authenticationManager"/>
        <beans:property name="rememberMeServices" ref="rememberMeServices"/>
    </beans:bean>

    <!--<beans:bean id="anonymousProcessingFilter" class="org.springframework.security.providers.anonymous.AnonymousProcessingFilter">-->
    <!--</beans:property name="key" value="changeThis"/>-->
    <!--</beans:property name="userAttribute" value="anonymousUser,ROLE_ANONYMOUS"/>-->
    <!--</beans:bean>-->

    <beans:bean id="exceptionTranslationFilter"
          class="org.springframework.security.web.access.ExceptionTranslationFilter">
        <beans:property name="authenticationEntryPoint">
            <beans:bean class="org.springframework.security.web.authentication.AuthenticationProcessingFilterEntryPoint">
                <beans:property name="loginFormUrl" value="/login.iface"/>
                <beans:property name="forceHttps" value="false"/>
            </beans:bean>
        </beans:property>
        <beans:property name="accessDeniedHandler">
            <beans:bean class="org.springframework.security.web.access.AccessDeniedHandlerImpl">
                <!--			</beans:property name="errorPage" value="/accessDenied.iface"/> -->
            </beans:bean>
        </beans:property>
    </beans:bean>

    <beans:bean id="filterSecurityInterceptor"
          class="org.springframework.security.web.access.intercept.FilterSecurityInterceptor">
        <beans:property name="authenticationManager" ref="authenticationManager"/>
        <beans:property name="accessDecisionManager" ref="accessDecisionManager"/>
        <beans:property name="securityMetadataSource">
            <filter-security-metadata-source>
                <intercept-url pattern="/secure/super/**"
                                        access="ROLE_WE_DONT_HAVE"/>
                <intercept-url pattern="/secure/**"
                                        access="ROLE_SUPERVISOR,ROLE_TELLER"/>
            </filter-security-metadata-source>
        </beans:property>
    </beans:bean>

    <!--<beans:bean id="filterInvocationInterceptor" class="org.springframework.security.web.access.intercept.FilterSecurityInterceptor">-->
    <!--</beans:property name="authenticationManager" >-->
    <!--<ref bean="authenticationManager"/>-->
    <!--</beans:property>-->
    <!--</beans:property name="accessDecisionManager">-->
    <!--<beans:bean class="org.springframework.security.access.vote.AffirmativeBased">-->
    <!--</beans:property name="allowIfAllAbstainDecisions" value="false"/>-->
    <!--</beans:property name="decisionVoters">-->
    <!--<list>-->
    <!--<beans:bean class="org.springframework.security.access.vote.RoleVoter"/>-->
    <!--<beans:bean class="org.springframework.security.access.vote.AuthenticatedVoter"/>-->
    <!--</list>-->
    <!--</beans:property>-->
    <!--</beans:bean>-->
    <!--</beans:property>-->
    <!--</beans:property name="securityMetadataSource">-->
    <!--<beans:bean class="com.icesoft.icefaces.samples.security.acegi.FilterInvocationMetadataSource" />-->
    <!--<value>-->
    <!--CONVERT_URL_TO_LOWERCASE_BEFORE_COMPARISON-->
    <!--PATTERN_TYPE_APACHE_ANT-->
    <!--/secure/extreme/**=ROLE_SUPERVISOR-->
    <!--/secure/**=IS_AUTHENTICATED_REMEMBERED-->
    <!--/**=IS_AUTHENTICATED_ANONYMOUSLY-->
    <!--</value>-->
    <!--</beans:property>-->
    <!--</beans:bean>-->

    <beans:bean id="accessDecisionManager" class="org.springframework.security.access.vote.AffirmativeBased">
				<beans:property name="allowIfAllAbstainDecisions" value="false"/>
				<beans:property name="decisionVoters">
					<beans:list>
						<beans:bean class="org.springframework.security.access.vote.RoleVoter"/>
						<beans:bean class="org.springframework.security.access.vote.AuthenticatedVoter"/>
					</beans:list>
				</beans:property>
			</beans:bean>

    <beans:bean id="rememberMeServices"
          class="org.springframework.security.web.authentication.rememberme.TokenBasedRememberMeServices">
        <beans:property name="userDetailsService" ref="userDetailsService"/>
        <beans:property name="key" value="changeThis"/>
    </beans:bean>

    <beans:bean id="authenticationManager"
          class="org.springframework.security.authentication.ProviderManager">
        <beans:property name="providers">
            <beans:list>
                <beans:ref local="daoAuthenticationProvider"/>
                <beans:bean class="org.springframework.security.authentication.AnonymousAuthenticationProvider">
                    <beans:property name="key" value="changeThis"/>
                </beans:bean>
                <beans:bean class="org.springframework.security.authentication.RememberMeAuthenticationProvider">
                    <beans:property name="key" value="changeThis"/>
                </beans:bean>
            </beans:list>
        </beans:property>
    </beans:bean>

    <beans:bean id="daoAuthenticationProvider"
          class="org.springframework.security.authentication.dao.DaoAuthenticationProvider">
        <beans:property name="userDetailsService" ref="userDetailsService"/>
        <beans:property name="userCache">
            <beans:bean class="org.springframework.security.core.userdetails.cache.EhCacheBasedUserCache">
                <beans:property name="cache">
                    <beans:bean class="org.springframework.cache.ehcache.EhCacheFactoryBean">
                        <beans:property name="cacheManager">
                            <beans:bean class="org.springframework.cache.ehcache.EhCacheManagerFactoryBean"/>
                        </beans:property>
                        <beans:property name="cacheName" value="userCache"/>
                    </beans:bean>
                </beans:property>
            </beans:bean>
        </beans:property>
    </beans:bean>

    <!-- UserDetailsService is the most commonly frequently Acegi Security interface implemented by end users -->
    <beans:bean id="userDetailsService"
          class="org.springframework.security.core.userdetails.memory.InMemoryDaoImpl">
        <beans:property name="userProperties">
            <beans:bean class="org.springframework.beans.factory.config.PropertiesFactoryBean">
                <beans:property name="location" value="/WEB-INF/user.properties"/>
            </beans:bean>
        </beans:property>
    </beans:bean>

    <beans:bean id="authenticationController"
          class="com.icesoft.icefaces.samples.security.acegi.AuthenticationController"
          scope="session">
        <beans:property name="authenticationManager">
            <beans:ref bean="authenticationManager"/>
        </beans:property>
    </beans:bean>

    <!-- This bean is optional; it isn't used by any other bean as it only listens and logs -->
    <beans:bean id="loggerListener"
          class="org.springframework.security.access.event.LoggerListener"/>

</beans:beans>