<?xml version='1.0' encoding='UTF-8'?>
<!DOCTYPE faces-config PUBLIC
        "-//Sun Microsystems, Inc.//DTD JavaServer Faces Config 1.1//EN"
        "http://java.sun.com/dtd/web-facesconfig_1_1.dtd">

<faces-config>

    <application>
        <locale-config>
            <default-locale>en</default-locale>
        </locale-config>
    </application>
  <!-- Collapsible Panel -->

    <!-- Security Start -->
	<application>
        <variable-resolver>
            org.springframework.web.jsf.DelegatingVariableResolver
        </variable-resolver>
	</application>

	<lifecycle>
		<phase-listener>com.icesoft.icefaces.samples.security.acegi.NoCachePhaseListener</phase-listener>
	</lifecycle>
<!-- Security Finish -->
  
 <managed-bean>
        <managed-bean-name>renderManager</managed-bean-name>
        <managed-bean-class>
            com.icesoft.faces.async.render.RenderManager
        </managed-bean-class>
        <managed-bean-scope>application</managed-bean-scope>
    </managed-bean>

    <managed-bean>
        <managed-bean-name>timeZoneBean</managed-bean-name>
        <managed-bean-class>com.icesoft.icefaces.samples.TimeZoneBean</managed-bean-class>
        <managed-bean-scope>request</managed-bean-scope>
        <managed-property>
            <property-name>renderManager</property-name>
            <value>#{renderManager}</value>
        </managed-property>
    </managed-bean>
	
    <managed-bean>
        <description>
            Controller class, takes renderManager as parameter.
        </description>
        <managed-bean-name>clientController</managed-bean-name>
        <managed-bean-class>
            com.icesoft.icefaces.samples.security.ClientController
        </managed-bean-class>
        <managed-bean-scope>application</managed-bean-scope>
        <managed-property>
            <property-name>renderManager</property-name>
            <value>#{renderManager}</value>
        </managed-property>
    </managed-bean>

    <!-- Managed Bean for dynamic style examples -->
    <managed-bean>
        <description>
            Simple bean for managing style, css.
        </description>
        <managed-bean-name>styleBean</managed-bean-name>
        <managed-bean-class>
            com.icesoft.icefaces.samples.security.StyleBean</managed-bean-class>
        <managed-bean-scope>session</managed-bean-scope>
    </managed-bean>
	
	<managed-bean>
		<description>
			Bean used to handle the state of the demo readme notes
		</description>
		<managed-bean-name>ReadmeBean</managed-bean-name>
		<managed-bean-class>com.icesoft.icefaces.samples.security.ReadmeBean</managed-bean-class>
		<managed-bean-scope>request</managed-bean-scope>
	</managed-bean>

	<managed-bean>
        <description>
            User.
        </description>
        <managed-bean-name>user</managed-bean-name>
        <managed-bean-class>
            com.icesoft.icefaces.samples.security.UserBean
        </managed-bean-class>
        <managed-bean-scope>session</managed-bean-scope>
        <managed-property>
            <property-name>clientController</property-name>
            <value>#{clientController}</value>
        </managed-property>
    </managed-bean>

<!-- Security Start -->		
    <!--<navigation-rule>-->
        <!--<from-view-id>*</from-view-id>-->
            <!--<navigation-case>-->
                <!--<from-action>#{authenticationController.authenticate}</from-action>-->
                <!--<from-outcome>success</from-outcome>-->
                <!--<to-view-id>/secure/main.iface</to-view-id>-->
                <!--<redirect/>-->
            <!--</navigation-case>-->
    <!--</navigation-rule>-->
    <!--<navigation-rule>-->
        <!--<from-view-id>*</from-view-id>-->
        <!--<navigation-case>-->
            <!--<from-outcome>logout</from-outcome>-->
            <!--<to-view-id>/j_spring_security_logout</to-view-id>-->
            <!--<redirect/>-->
        <!--</navigation-case>-->
    <!--</navigation-rule>-->
<!-- Security Finish -->

</faces-config>
