<?xml version="1.0" encoding="UTF-8"?>
<application xmlns="http://java.sun.com/xml/ns/javaee" 
             xmlns:xsi="http://www.w3.org/2001/XMLSchema-instance"
             xsi:schemaLocation="http://java.sun.com/xml/ns/javaee http://java.sun.com/xml/ns/javaee/application_5.xsd"
             version="5">
    
   <display-name>seam-comp-showcase</display-name>
   
   <module>
      <web>
         <web-uri>seam-comp-showcase.war</web-uri>
         <context-root>/seam-comp-showcase</context-root>
      </web>
   </module>
   
   <module>
      <ejb>seam-comp-showcase.jar</ejb>
   </module>
   
   <!-- Seam and EL -->
   <module>
       <java>jboss-seam.jar</java>
   </module>   
   <module>
      <java>jboss-el.jar</java>
   </module>
 

   <!-- jBPM -->
   <module>
      <java>jbpm-jpdl.jar</java>
   </module>

   <!-- Drools and dependencies -->
    <module>
      <java>drools-compiler-4.0.0.MR2.jar</java>
   </module>
   <module>
      <java>drools-core-4.0.0.MR2.jar</java>
   </module>
   <module>
      <java>mvel14-1.2beta16.jar</java>
   </module>
   <module>
      <java>janino-2.5.6.jar</java>
   </module>
   <module>
      <java>antlr-3.0b7.jar</java>
   </module>   



    <module>
        <java>icefaces.jar</java>
    </module>
        <module>
        <java>icefaces-comps.jar</java>
    </module>
    <module>
        <java>icefaces-facelets.jar</java>
    </module>
    <module>
        <java>commons-fileupload.jar</java>
    </module>
        <module>
        <java>backport-util-concurrent.jar</java>
    </module>
    <module>
        <java>krysalis-jCharts-1.0.0-alpha-1.jar</java>
    </module>
       <module>
	   <java>commons-digester.jar</java>
    </module>

</application>