<?xml version='1.0' encoding='UTF-8'?>
<!DOCTYPE faces-config PUBLIC
          "-//Sun Microsystems, Inc.//DTD JavaServer Faces Config 1.1//EN"
          "http://java.sun.com/dtd/web-facesconfig_1_1.dtd">

<faces-config>

   <application>
      <locale-config>
         <default-locale>en</default-locale>
         <supported-locale>fr</supported-locale>
         <supported-locale>en</supported-locale>
         <supported-locale>en_US</supported-locale>
      </locale-config>
      <message-bundle>messages</message-bundle>
      <view-handler>com.icesoft.faces.facelets.D2DSeamFaceletViewHandler</view-handler>
   </application>

</faces-config>
