<?xml version="1.0" encoding="UTF-8"?>
<!--
   Connector for both EJB3 and JNDI
-->
<server>
   <mbean code="org.jboss.remoting.transport.Connector"
          name="jboss.remoting:type=Connector,name=DefaultEjb3Connector,handler=ejb3">
      <attribute name="InvokerLocator">socket://${jboss.bind.address}:3873</attribute>
      <attribute name="Configuration">
         <handlers>
            <handler subsystem="AOP">org.jboss.aspects.remoting.AOPRemotingInvocationHandler</handler>
         </handlers>
      </attribute>
   </mbean>
</server>