<?xml version="1.0" encoding="UTF-8"?>
<project xmlns="http://www.netbeans.org/ns/project/1">
    <type>org.netbeans.modules.ant.freeform</type>
    <configuration>
        <general-data xmlns="http://www.netbeans.org/ns/freeform-project/1">
            <!-- Do not use Project Properties customizer when editing this file manually. -->
            <name>seam-component-showcase</name>
            <properties/>
            <folders>
                <source-folder>
                    <label>view</label>
                    <type>doc_root</type>
                    <location>view</location>
                </source-folder>
                <source-folder>
                    <label>src</label>
                    <type>java</type>
                    <location>src</location>
                </source-folder>
                <source-folder>
                    <label>test</label>
                    <type>java</type>
                    <location>test</location>
                </source-folder>
            </folders>
            <ide-actions>
                <action name="clean">
                    <target>clean</target>
                    <target>unexplode</target>
                </action>
                <action name="build">
                    <target>archive</target>
                </action>
                <action name="redeploy">
                    <target>restart</target>
                </action>
                <action name="Undeploy">
                    <target>unexplode</target>
                </action>
                <action name="test">
                    <target>test</target>
                </action>
                <action name="debug">
                    <script>nbproject/ide-file-targets.xml</script>
                    <target>debug-nb</target>
                </action>
            </ide-actions>
            <view>
                <items>
                    <source-folder style="tree">
                        <label>Web Pages</label>
                        <location>view</location>
                    </source-folder>
                    <source-folder style="tree">
                        <label>resources</label>
                        <location>resources</location>
                    </source-folder>
                    <source-folder style="packages">
                        <label>src</label>
                        <location>src</location>
                    </source-folder>
                    <source-folder style="packages">
                        <label>test</label>
                        <location>test</location>
                    </source-folder>
                    <source-file>
                        <location>build.xml</location>
                    </source-file>
                </items>
                <context-menu>
                    <ide-action name="clean"/>
                    <ide-action name="build"/>
                    <ide-action name="redeploy"/>
                    <ide-action name="Undeploy"/>
                    <ide-action name="debug"/>
                    <ide-action name="test"/>
                </context-menu>
            </view>
            <subprojects/>
        </general-data>
        <java-data xmlns="http://www.netbeans.org/ns/freeform-project-java/1">
            <compilation-unit>
                <package-root>src</package-root>
                <classpath mode="compile">lib/ant.jar;lib/commons-beanutils-1.7.0.jar;lib/commons-codec-1.3.jar;lib/commons-collections-3.1.jar;lib/commons-digester-1.6.jar;lib/commons-el-1.0.jar;lib/commons-lang-2.1.jar;lib/el-api.jar;lib/el-ri.jar;lib/hibernate-all.jar;lib/hsqldb.jar;lib/javax.servlet.jsp.jar;lib/jboss-aop-jdk50.jar;lib/jboss-cache-jdk50.jar;lib/jboss-ejb3-all.jar;lib/jboss-seam-debug.jar;lib/jboss-seam-ui.jar;lib/jboss-seam.jar;lib/jbpm-3.1.4.jar;lib/jgroups.jar;lib/jsf-facelets.jar;lib/jstl-1.1.0.jar;lib/mailstuff.jar;lib/myfaces-api-1.1.4.jar;lib/myfaces-impl-1.1.4.jar;lib/portlet-api-lib.jar;lib/servlet-api.jar;lib/testng-4.5.1-jdk15.jar;lib/thirdparty-all.jar;../../icefaces checkout-oss/lib;../../icefaces_checkout-oss/lib/icefaces.jar;../../icefaces_checkout-oss/lib/acegi-security-1.0.1.jar;../../icefaces_checkout-oss/lib/backport-util-concurrent.jar;../../icefaces_checkout-oss/lib/catalina-ant.jar;../../icefaces_checkout-oss/lib/commons-beanutils.jar;../../icefaces_checkout-oss/lib/commons-collections.jar;../../icefaces_checkout-oss/lib/commons-digester.jar;../../icefaces_checkout-oss/lib/commons-discovery.jar;../../icefaces_checkout-oss/lib/commons-el.jar;../../icefaces_checkout-oss/lib/commons-fileupload.jar;../../icefaces_checkout-oss/lib/commons-lang-2.1.jar;../../icefaces_checkout-oss/lib/commons-logging-api.jar;../../icefaces_checkout-oss/lib/commons-logging.jar;../../icefaces_checkout-oss/lib/el-api.jar;../../icefaces_checkout-oss/lib/el-ri.jar;../../icefaces_checkout-oss/lib/icefaces-comps.jar;../../icefaces_checkout-oss/lib/icefaces-facelets.jar;../../icefaces_checkout-oss/lib/icefaces.jar;../../icefaces_checkout-oss/lib/jasper-compiler.jar;../../icefaces_checkout-oss/lib/jasper-runtime.jar;../../icefaces_checkout-oss/lib/jetty-util-6.0.1.jar;../../icefaces_checkout-oss/lib/jsf-api.jar;../../icefaces_checkout-oss/lib/jsf-impl.jar;../../icefaces_checkout-oss/lib/jsf-metadata.jar;../../icefaces_checkout-oss/lib/jsp-api.jar;../../icefaces_checkout-oss/lib/jstl.jar;../../icefaces_checkout-oss/lib/krysalis-jCharts-1.0.0-alpha-1.jar;../../icefaces_checkout-oss/lib/myfaces-api.jar;../../icefaces_checkout-oss/lib/myfaces-impl.jar;../../icefaces_checkout-oss/lib/portlet.jar;../../icefaces_checkout-oss/lib/servlet-api.jar;../../icefaces_checkout-oss/lib/tlddoc.jar;../../icefaces_checkout-oss/lib/xercesImpl.jar;../../icefaces_checkout-oss/lib/xml-apis.jar;../../../../ossrepoTrunk/lib/icefaces-comps.jar;../../../../ossrepoTrunk/lib/icefaces-facelets.jar;../../../../ossrepoTrunk/lib/icefaces.jar;../../../../Seam/jboss-seam-1.2.1.GA/jboss-seam-debug.jar;../../../../Seam/jboss-seam-1.2.1.GA/jboss-seam-gen.jar;../../../../Seam/jboss-seam-1.2.1.GA/jboss-seam-ioc.jar;../../../../Seam/jboss-seam-1.2.1.GA/jboss-seam-mail.jar;../../../../Seam/jboss-seam-1.2.1.GA/jboss-seam-pdf.jar;../../../../Seam/jboss-seam-1.2.1.GA/jboss-seam-remoting.jar;../../../../Seam/jboss-seam-1.2.1.GA/jboss-seam-ui.jar;../../../../Seam/jboss-seam-1.2.1.GA/jboss-seam.jar;../../../../ossrepoTrunk/lib/myfaces-api.jar;../../../../ossrepoTrunk/lib/myfaces-impl.jar</classpath>
                <source-level>1.5</source-level>
            </compilation-unit>
        </java-data>
        <web-data xmlns="http://www.netbeans.org/ns/freeform-project-web/1">
            <web-module>
                <doc-root>view</doc-root>
                <context-path/>
                <j2ee-spec-level>1.5</j2ee-spec-level>
            </web-module>
        </web-data>
    </configuration>
</project>
