<?xml version="1.0"?>

<!DOCTYPE web-app PUBLIC
  "-//Sun Microsystems, Inc.//DTD Web Application 2.3//EN"
  "http://java.sun.com/dtd/web-app_2_3.dtd">

<web-app>

    <display-name>ICEfaces Security Demo Application</display-name>
    <description>
        ICEfaces Security Demo Application
    </description>

    <context-param>
        <param-name>com.icesoft.faces.debugDOMUpdate</param-name>
        <param-value>false</param-value>
    </context-param>

    <context-param>
        <param-name>javax.faces.STATE_SAVING_METHOD</param-name>
        <param-value>server</param-value>
        <description>
            State saving method: "client" or "server" (= default)
            See JSF Specification 2.5.2
        </description>
    </context-param>
    
    
    <!-- concurrent DOM views -->
    <context-param>
        <param-name>com.icesoft.faces.concurrentDOMViews</param-name>
        <param-value>false</param-value>
    </context-param>
    <!-- Asynchronous Updates -->
    <context-param>
        <param-name>com.icesoft.faces.synchronousUpdate</param-name>
        <param-value>false</param-value>
    </context-param>

    <listener>
        <listener-class>com.icesoft.faces.util.event.servlet.ContextEventRepeater</listener-class>
    </listener>

	<!-- Security -->
	
	<context-param>
		<param-name>contextConfigLocation</param-name>
		<param-value>/WEB-INF/applicationContext.xml</param-value>
	</context-param>

	<filter>
		<filter-name>RequestContextFilter</filter-name>
		<filter-class>
			org.springframework.web.filter.RequestContextFilter
		</filter-class>
	</filter>

	<filter-mapping>
		<filter-name>RequestContextFilter</filter-name>
		<servlet-name>Persistent Faces Servlet</servlet-name>
	</filter-mapping>
	
	<listener>
	    <listener-class>org.springframework.web.context.ContextLoaderListener</listener-class>
	  </listener>
	
	<filter>
        <filter-name>Acegi Filter Chain Proxy</filter-name>
        <filter-class>org.acegisecurity.util.FilterToBeanProxy</filter-class>
        <init-param>
            <param-name>targetClass</param-name>
            <param-value>org.acegisecurity.util.FilterChainProxy</param-value>
        </init-param>
    </filter>

    <filter-mapping>
      <filter-name>Acegi Filter Chain Proxy</filter-name>
      <servlet-name>Persistent Faces Servlet</servlet-name>
      <dispatcher>FORWARD</dispatcher>
      <dispatcher>REQUEST</dispatcher>
    </filter-mapping>
    
    <!-- Faces Servlet -->
    <servlet>
        <servlet-name>Faces Servlet</servlet-name>
        <servlet-class>javax.faces.webapp.FacesServlet</servlet-class>
        <load-on-startup>1</load-on-startup>
    </servlet>

    
    
    <servlet>
        <servlet-name>Persistent Faces Servlet</servlet-name>
        <servlet-class>com.icesoft.faces.webapp.xmlhttp.PersistentFacesServlet</servlet-class>
        <load-on-startup> 1 </load-on-startup>
    </servlet>

    <servlet>
        <servlet-name>Blocking Servlet</servlet-name>
        <servlet-class>com.icesoft.faces.webapp.xmlhttp.BlockingServlet</servlet-class>
        <load-on-startup> 1 </load-on-startup>
    </servlet>
    
   
    
    <servlet-mapping>
        <servlet-name>Faces Servlet</servlet-name>
        <url-pattern>*.jsf</url-pattern>
    </servlet-mapping>

    <servlet-mapping>
        <servlet-name>Persistent Faces Servlet</servlet-name>
        <url-pattern>*.jsf</url-pattern>
    </servlet-mapping>

    <servlet-mapping>
        <servlet-name>Persistent Faces Servlet</servlet-name>
        <url-pattern>*.iface</url-pattern>
    </servlet-mapping>

    <servlet-mapping>
        <servlet-name>Persistent Faces Servlet</servlet-name>
        <url-pattern>/xmlhttp/*</url-pattern>
    </servlet-mapping>

    <servlet-mapping>
        <servlet-name>Blocking Servlet</servlet-name>
        <url-pattern>/block/*</url-pattern>
    </servlet-mapping>

    <session-config>
      <session-timeout>5</session-timeout>
    </session-config>
    
    
    <!-- Welcome files -->
    <welcome-file-list>
        <welcome-file>index.jsf</welcome-file>
        <welcome-file>index.jsp</welcome-file>
        <welcome-file>index.html</welcome-file>
    </welcome-file-list>
<!-- Define a security constraint on this application -->
	<!--security-constraint>
		<web-resource-collection>
			<web-resource-name>
				Myfaces Icefaces tests
			</web-resource-name>
			<url-pattern>/*</url-pattern>
		</web-resource-collection>
		<auth-constraint>
			<role-name>manager</role-name>
			<role-name>admin</role-name>
			<role-name>tomcat</role-name>
			<role-name>test</role-name>
			<role-name>steve</role-name>

		</auth-constraint>
	</security-constraint-->
	<!-- login configuration for this application -->
	<!--login-config>
		<auth-method>BASIC</auth-method>
		<realm-name>Tomcat Manager Application</realm-name>
	</login-config-->
	<!-- Security roles referenced by this web application -->
	<!--security-role>
		<description>
			The role that is required to log in to the tomcat
			Application
		</description>
		<role-name>tomcat</role-name>
	</security-role>
	<security-role>
		<description>
			The role that is required to log in to the manager
			Application
		</description>
		<role-name>manager</role-name>
	</security-role>
	<security-role>
		<description>
			The role that is required to log in to the admin
			Application
		</description>
		<role-name>test</role-name>
	</security-role>
	<security-role>
		<description>
			The role that is required to log in to the admin
			Application
		</description>
		<role-name>admin</role-name>
	</security-role>
	<security-role>
		<description>
			The role that is required to log in to the admin
			Application
		</description>
		<role-name>steve</role-name>
	</security-role-->

</web-app>
