<?xml version="1.0" encoding="UTF-8"?>

<!--
     Messaging Connection Factories deployment descriptor.

     $Id: connection-factories-service.xml,v 1.1 2007/06/15 05:20:58 gavin Exp $
 -->

<server>

   <mbean code="org.jboss.jms.server.connectionfactory.ConnectionFactory"
      name="jboss.messaging.connectionfactory:service=ConnectionFactory"
      xmbean-dd="xmdesc/ConnectionFactory-xmbean.xml">
      <depends optional-attribute-name="ServerPeer">jboss.messaging:service=ServerPeer</depends>
      <depends optional-attribute-name="Connector">jboss.messaging:service=Connector,transport=bisocket</depends>
      <depends>jboss.messaging:service=PostOffice</depends>

      <attribute name="JNDIBindings">
         <bindings>
            <binding>/ConnectionFactory</binding>
            <binding>/XAConnectionFactory</binding>
            <binding>java:/ConnectionFactory</binding>
            <binding>java:/XAConnectionFactory</binding>
         </bindings>
      </attribute>

   </mbean>

</server>