<?xml version="1.0" encoding="UTF-8"?>

<!--
     Messaging Destinations deployment descriptor.

     $Id: destinations-service.xml,v 1.1 2007/06/15 05:20:58 gavin Exp $
 -->

<server>

   <!--
      The Default Dead Letter Queue. This destination is a dependency of an EJB MDB container.
   -->

   <mbean code="org.jboss.jms.server.destination.QueueService"
      name="jboss.messaging.destination:service=Queue,name=DLQ"
      xmbean-dd="xmdesc/Queue-xmbean.xml">
      <depends optional-attribute-name="ServerPeer">jboss.messaging:service=ServerPeer</depends>
      <depends>jboss.messaging:service=PostOffice</depends>
   </mbean>
   
   <!--
      The Default Expiry Queue.
   -->

   <mbean code="org.jboss.jms.server.destination.QueueService"
      name="jboss.messaging.destination:service=Queue,name=ExpiryQueue"
      xmbean-dd="xmdesc/Queue-xmbean.xml">
      <depends optional-attribute-name="ServerPeer">jboss.messaging:service=ServerPeer</depends>
      <depends>jboss.messaging:service=PostOffice</depends>
   </mbean>   

   <!--
        Example destinations.
   -->

   <!-- It's possible for indiviual queues and topics to use a specific queue for
   an expiry or DLQ -->
   
   <mbean code="org.jboss.jms.server.destination.QueueService"
      name="jboss.messaging.destination:service=Queue,name=PrivateDLQ"
      xmbean-dd="xmdesc/Queue-xmbean.xml">
      <depends optional-attribute-name="ServerPeer">jboss.messaging:service=ServerPeer</depends>
      <depends>jboss.messaging:service=PostOffice</depends>
   </mbean>
   
   <mbean code="org.jboss.jms.server.destination.QueueService"
      name="jboss.messaging.destination:service=Queue,name=PrivateExpiryQueue"
      xmbean-dd="xmdesc/Queue-xmbean.xml">
      <depends optional-attribute-name="ServerPeer">jboss.messaging:service=ServerPeer</depends>
      <depends>jboss.messaging:service=PostOffice</depends>
   </mbean>      
   
   <mbean code="org.jboss.jms.server.destination.QueueService"
      name="jboss.messaging.destination:service=Queue,name=QueueWithOwnDLQAndExpiryQueue"
      xmbean-dd="xmdesc/Queue-xmbean.xml">
      <depends optional-attribute-name="ServerPeer">jboss.messaging:service=ServerPeer</depends>
      <depends>jboss.messaging:service=PostOffice</depends>
      <attribute name="DLQ">jboss.messaging.destination:service=Queue,name=PrivateDLQ</attribute>
      <attribute name="ExpiryQueue">jboss.messaging.destination:service=Queue,name=PrivateExpiryQueue</attribute>
   </mbean> 
   
   <mbean code="org.jboss.jms.server.destination.TopicService"
      name="jboss.messaging.destination:service=Topic,name=TopicWithOwnDLQAndExpiryQueue"
      xmbean-dd="xmdesc/Topic-xmbean.xml">
      <depends optional-attribute-name="ServerPeer">jboss.messaging:service=ServerPeer</depends>
      <depends>jboss.messaging:service=PostOffice</depends>
      <attribute name="DLQ">jboss.messaging.destination:service=Queue,name=PrivateDLQ</attribute>
      <attribute name="ExpiryQueue">jboss.messaging.destination:service=Queue,name=PrivateExpiryQueue</attribute>
   </mbean>       
   
   <!-- Queues and Topics can also specify their own redelivery delay -->
   
   <mbean code="org.jboss.jms.server.destination.QueueService"
      name="jboss.messaging.destination:service=Queue,name=QueueWithOwnRedeliveryDelay"
      xmbean-dd="xmdesc/Queue-xmbean.xml">
      <depends optional-attribute-name="ServerPeer">jboss.messaging:service=ServerPeer</depends>
      <depends>jboss.messaging:service=PostOffice</depends>
      <attribute name="RedeliveryDelay">5000</attribute>
   </mbean>
   
   <mbean code="org.jboss.jms.server.destination.TopicService"
      name="jboss.messaging.destination:service=Topic,name=TopicWithOwnRedeliveryDelay"
      xmbean-dd="xmdesc/Topic-xmbean.xml">
      <depends optional-attribute-name="ServerPeer">jboss.messaging:service=ServerPeer</depends>
      <depends>jboss.messaging:service=PostOffice</depends>
      <attribute name="RedeliveryDelay">5000</attribute>
   </mbean>     
   
</server>