<?xml version="1.0" encoding="UTF-8"?>

<!--
     Hypersonic persistence deployment descriptor.

     $Id: hsqldb-persistence-service.xml,v 1.1 2007/06/15 05:20:58 gavin Exp $
 -->

<server>

   <mbean code="org.jboss.messaging.core.plugin.JDBCPersistenceManagerService"
      name="jboss.messaging:service=PersistenceManager"
      xmbean-dd="xmdesc/JDBCPersistenceManager-xmbean.xml">
      <depends>jboss.jca:service=DataSourceBinding,name=DefaultDS</depends>
      <depends optional-attribute-name="TransactionManager">jboss:service=TransactionManager</depends>
      <attribute name="DataSource">java:/DefaultDS</attribute>
      <attribute name="CreateTablesOnStartup">true</attribute>
      <attribute name="UsingBatchUpdates">false</attribute>
      <attribute name="MaxParams">500</attribute>
   </mbean>

   <!-- Note that Hypersonic CANNOT be used for clustered post offices -->

   <mbean code="org.jboss.messaging.core.plugin.DefaultPostOfficeService"
      name="jboss.messaging:service=PostOffice"
      xmbean-dd="xmdesc/DefaultPostOffice-xmbean.xml">
      <depends optional-attribute-name="ServerPeer">jboss.messaging:service=ServerPeer</depends>
      <depends>jboss.jca:service=DataSourceBinding,name=DefaultDS</depends>
      <depends optional-attribute-name="TransactionManager">jboss:service=TransactionManager</depends>
      <attribute name="PostOfficeName">JMS</attribute>
      <attribute name="DataSource">java:/DefaultDS</attribute>
      <attribute name="CreateTablesOnStartup">true</attribute>
   </mbean>

   <mbean code="org.jboss.jms.server.plugin.JDBCJMSUserManagerService"
      name="jboss.messaging:service=JMSUserManager"
      xmbean-dd="xmdesc/JMSUserManager-xmbean.xml">
      <depends>jboss.jca:service=DataSourceBinding,name=DefaultDS</depends>
      <depends optional-attribute-name="TransactionManager">jboss:service=TransactionManager</depends>
      <attribute name="DataSource">java:/DefaultDS</attribute>
      <attribute name="CreateTablesOnStartup">true</attribute>
      <attribute name="SqlProperties"><![CDATA[
POPULATE.TABLES.1=INSERT INTO JBM_USER (USER_ID,PASSWD,CLIENTID) VALUES ('dilbert','dogbert','dilbert-id')
      ]]></attribute>
   </mbean>

</server>