<?xml version="1.0" encoding="UTF-8"?>

<connection-factories>

  <!-- ==================================================================== -->
  <!-- JMS Stuff                                                            -->
  <!-- ==================================================================== -->

   <!--
       The JMS provider loader. Currently pointing to a non-clustered ConnectionFactory. Need to
       be replaced with a clustered non-load-balanced ConnectionFactory when it becomes available.
       See http://jira.jboss.org/jira/browse/JBMESSAGING-843. 
   -->
   <mbean code="org.jboss.jms.jndi.JMSProviderLoader"
          name="jboss.messaging:service=JMSProviderLoader,name=JMSProvider">
      <attribute name="ProviderName">DefaultJMSProvider</attribute>
      <attribute name="ProviderAdapterClass">org.jboss.jms.jndi.JNDIProviderAdapter</attribute>
      <attribute name="FactoryRef">java:/XAConnectionFactory</attribute>
      <attribute name="QueueFactoryRef">java:/XAConnectionFactory</attribute>
      <attribute name="TopicFactoryRef">java:/XAConnectionFactory</attribute>
   </mbean>

   <mbean code="org.jboss.jms.asf.ServerSessionPoolLoader"
          name="jboss.messaging:service=ServerSessionPoolMBean,name=StdJMSPool">
      <depends optional-attribute-name="XidFactory">jboss:service=XidFactory</depends>
      <attribute name="PoolName">StdJMSPool</attribute>
      <attribute name="PoolFactoryClass">org.jboss.jms.asf.StdServerSessionPoolFactory</attribute>
   </mbean>

   <!-- JMS XA Resource adapter, use this to get transacted JMS in beans -->
   <tx-connection-factory>
      <jndi-name>JmsXA</jndi-name>
      <xa-transaction/>
      <rar-name>jms-ra.rar</rar-name>
      <connection-definition>org.jboss.resource.adapter.jms.JmsConnectionFactory</connection-definition>
      <config-property name="SessionDefaultType" type="java.lang.String">javax.jms.Topic</config-property>
      <config-property name="JmsProviderAdapterJNDI" type="java.lang.String">java:/DefaultJMSProvider</config-property>
      <max-pool-size>20</max-pool-size>
      <security-domain-and-application>JmsXARealm</security-domain-and-application>
      <depends>jboss.messaging:service=ServerPeer</depends>
   </tx-connection-factory>

</connection-factories>
