<?xml version="1.0" encoding="UTF-8"?>

<!--
     The JBoss Messaging service deployment descriptor.

     $Id: messaging-service.xml,v 1.1 2007/06/15 05:20:58 gavin Exp $
 -->

<server>

   <mbean code="org.jboss.jms.server.ServerPeer"
      name="jboss.messaging:service=ServerPeer"
      xmbean-dd="xmdesc/ServerPeer-xmbean.xml">

      <constructor>
         <!-- ServerPeerID -->
         <arg type="int" value="0"/>
         <!-- DefaultQueueJNDIContext -->
         <arg type="java.lang.String" value="/queue"/>
         <!-- DefaultTopicJNDIContext -->
         <arg type="java.lang.String" value="/topic"/>
      </constructor>

	   <attribute name="PostOffice">jboss.messaging:service=PostOffice</attribute>
      <attribute name="SecurityDomain">java:/jaas/messaging</attribute>
      <attribute name="DefaultSecurityConfig">
        <security>
            <role name="guest" read="true" write="true" create="true"/>
        </security>
      </attribute>
      <attribute name="DefaultDLQ">jboss.messaging.destination:service=Queue,name=DLQ</attribute>
      <attribute name="DefaultMaxDeliveryAttempts">10</attribute>
      <attribute name="DefaultExpiryQueue">jboss.messaging.destination:service=Queue,name=ExpiryQueue</attribute>
      <attribute name="DefaultRedeliveryDelay">0</attribute>
      <attribute name="QueueStatsSamplePeriod">5000</attribute>
      <attribute name="FailoverStartTimeout">3000</attribute>
      <attribute name="FailoverCompleteTimeout">12000</attribute>
      <attribute name="DefaultMessageCounterHistoryDayLimit">-1</attribute>

      <depends optional-attribute-name="PersistenceManager">jboss.messaging:service=PersistenceManager</depends>
      <depends optional-attribute-name="JMSUserManager">jboss.messaging:service=JMSUserManager</depends>
      <depends>jboss.messaging:service=Connector,transport=bisocket</depends>

   </mbean>

</server>