<?xml version="1.0" encoding="UTF-8"?>

<!--
     Messaging Remoting service deployment descriptor.

     $Id: remoting-service.xml,v 1.1 2007/06/15 05:20:58 gavin Exp $
 -->

<server>

   <mbean code="org.jboss.remoting.transport.Connector"
          name="jboss.messaging:service=Connector,transport=bisocket"
          display-name="Bisocket transport Connector">
      <attribute name="Configuration">
         <config>
            <invoker transport="bisocket">
               <attribute name="marshaller" isParam="true">org.jboss.jms.server.remoting.JMSWireFormat</attribute>
               <attribute name="unmarshaller" isParam="true">org.jboss.jms.server.remoting.JMSWireFormat</attribute>
               <!-- Serialization type must be jms - do not change! -->
               <attribute name="serializationtype" isParam="true">jms</attribute>
               <attribute name="dataType" isParam="true">jms</attribute>
               <attribute name="socket.check_connection" isParam="true">false</attribute>
               <attribute name="timeout">0</attribute>
               <attribute name="serverBindAddress">${jboss.bind.address}</attribute>
               <attribute name="serverBindPort">4457</attribute>
               <attribute name="leasePeriod">10000</attribute>
               <attribute name="callbackStore">org.jboss.remoting.callback.CallbackStore</attribute>
               <attribute name="clientSocketClass" isParam="true">org.jboss.jms.client.remoting.ClientSocketWrapper</attribute>
               <attribute name="serverSocketClass">org.jboss.jms.server.remoting.ServerSocketWrapper</attribute>
               <attribute name="callbackErrorsAllowed">1</attribute>  
               <attribute name="numberOfRetries" isParam="true">1</attribute>
               <attribute name="NumberOfCallRetries" isParam="true">2</attribute>
               <attribute name="clientMaxPoolSize" isParam="true">50</attribute>
            </invoker>
            <handlers>
               <handler subsystem="JMS">org.jboss.jms.server.remoting.JMSServerInvocationHandler</handler>
            </handlers>
         </config>
      </attribute>
      <depends>jboss.messaging:service=NetworkRegistry</depends>
   </mbean>

   <!--
        HTTP Connector example
   -->
   <!--
   <mbean code="org.jboss.remoting.transport.Connector"
          name="jboss.messaging:service=Connector,transport=http"
          display-name="HTTP transport Connector">
      <attribute name="Configuration">
         <config>
            <invoker transport="http">
               <attribute name="marshaller" isParam="true">org.jboss.jms.server.remoting.JMSWireFormat</attribute>
               <attribute name="unmarshaller" isParam="true">org.jboss.jms.server.remoting.JMSWireFormat</attribute>
               <!== Serialization type must be jms - do not change! ==>
               <attribute name="serializationtype" isParam="true">jms</attribute>
               <attribute name="dataType" isParam="true">jms</attribute>
               <attribute name="serverBindAddress">${jboss.bind.address}</attribute>
               <attribute name="serverBindPort">4458</attribute>
               <attribute name="leasePeriod">20000</attribute>
               <attribute name="callbackStore">org.jboss.remoting.callback.CallbackStore</attribute>
               <attribute name="callbackPollPeriod" isParam="true">100</attribute>  
            </invoker>
            <handlers>
               <handler subsystem="JMS">org.jboss.jms.server.remoting.JMSServerInvocationHandler</handler>
            </handlers>
         </config>
      </attribute>
      <depends>jboss.messaging:service=NetworkRegistry</depends>
   </mbean>
   -->


   <!-- TODO: Do I need this> -->
   <mbean code="org.jboss.remoting.network.NetworkRegistry"
          name="jboss.messaging:service=NetworkRegistry"/>

</server>