<?xml version='1.0' encoding='UTF-8'?>
<!DOCTYPE faces-config PUBLIC
        "-//Sun Microsystems, Inc.//DTD JavaServer Faces Config 1.1//EN"
        "http://java.sun.com/dtd/web-facesconfig_1_1.dtd">

<faces-config>
    <application>
        <locale-config>
            <default-locale>en</default-locale>
        </locale-config>
    </application>

    <!-- Basic Series Panel example bean-->
    <managed-bean>
        <description>
            Backing bean for effects example.
        </description>
        <managed-bean-name>basicEffects</managed-bean-name>
        <managed-bean-class>
            com.icesoft.icefaces.tutorial.component.effects.basic.BasicEffects
        </managed-bean-class>
        <managed-bean-scope>session</managed-bean-scope>
    </managed-bean>

</faces-config>
