<?xml version="1.0" encoding="UTF-8"?>
<beans xmlns="http://www.springframework.org/schema/beans"
       xmlns:xsi="http://www.w3.org/2001/XMLSchema-instance"
       xmlns:webflow="http://www.springframework.org/schema/webflow-config"
       xmlns:faces="http://www.springframework.org/schema/faces"
       xsi:schemaLocation="
           http://www.springframework.org/schema/beans http://www.springframework.org/schema/beans/spring-beans.xsd
           http://www.springframework.org/schema/webflow-config http://www.springframework.org/schema/webflow-config/spring-webflow-config.xsd
           http://www.springframework.org/schema/faces http://www.springframework.org/schema/faces/spring-faces.xsd">

	<!-- Executes flows: the central entry point into the Spring Web Flow system -->
	<webflow:flow-executor id="flowExecutor">
		<webflow:flow-execution-listeners>
			<webflow:listener ref="facesContextListener"/>
			<webflow:listener ref="securityFlowExecutionListener" />
		</webflow:flow-execution-listeners>
	</webflow:flow-executor>
	
	<!-- The registry of executable flow definitions -->
	<webflow:flow-registry id="flowRegistry" flow-builder-services="facesFlowBuilderServices" base-path="/WEB-INF/flows">
		<webflow:flow-location-pattern value="/**/*-flow.xml" />
	</webflow:flow-registry>
	
	<!-- Configures the Spring Web Flow JSF integration -->
	<faces:flow-builder-services id="facesFlowBuilderServices" development="true" />

	<!-- Installs a listener that creates and releases the FacesContext for each request. -->
	<bean id="facesContextListener" class="org.springframework.faces.webflow.FlowFacesContextLifecycleListener"/>
	
	<!-- Installs a listener to apply Spring Security authorities -->
	<bean id="securityFlowExecutionListener" class="org.springframework.webflow.security.SecurityFlowExecutionListener" />

</beans>