<?xml version="1.0" encoding="UTF-8"?>

<!--
    JCA Deployers
-->
<deployment xmlns="urn:jboss:bean-deployer:2.0">
   <bean name="JCAMetaDataRepository" class="org.jboss.resource.metadata.repository.DefaultJCAMetaDataRepository"/>
   <!-- RAR Deployment -->
   <bean name="RARParserDeployer" class="org.jboss.resource.deployers.RARParserDeployer">
      <property name="metaDataRepository"><inject bean="JCAMetaDataRepository"/></property>
      <install bean="MainDeployer" method="addDeployer">
         <parameter><this/></parameter>
      </install>
      <uninstall bean="MainDeployer" method="removeDeployer">
         <parameter><this/></parameter>
      </uninstall>
      <property name="type">rar</property>
   </bean>

   <bean name="RARDeployer" class="org.jboss.resource.deployers.RARDeployer">
      <property name="workManagerName">jboss.jca:service=WorkManager</property>
      <property name="XATerminatorName">jboss:service=TransactionManager</property>
      <install bean="MainDeployer" method="addDeployer">
         <parameter><this/></parameter>
      </install>
      <uninstall bean="MainDeployer" method="removeDeployer">
         <parameter><this/></parameter>
      </uninstall>
      <property name="type">rar</property>
   </bean>



   <!-- ConnectionFactory Deployment   -->

   <bean name="ConnectionFactoryDeployer" class="org.jboss.system.deployers.ServiceXSLDeployer">
      <property name="suffix">-ds.xml</property>
      <property name="XSLPath">stylesheets/NoJRMPConnectionFactoryTemplate.xsl</property>
      <install bean="MainDeployer" method="addDeployer">
         <parameter><this/></parameter>
      </install>
      <uninstall bean="MainDeployer" method="removeDeployer">
         <parameter><this/></parameter>
      </uninstall>
      <property name="type">jca-ds</property>
   </bean>

</deployment>
